File,Size_KB,Encrypt_Time,Decrypt_Time
1KB.bin,1.0,0.0019064000225625932,0.0022302000143099576
10KB.bin,10.0,0.01117870002053678,0.017768299992894754
100KB.bin,100.0,0.09832180000375956,0.10527500000898726
1MB.bin,1024.0,1.0213436000049114,1.0522317999857478
10MB.bin,10240.0,10.13353520000237,10.394777399982559
100MB.bin,102400.0,102.8939437000081,104.40500669999165
